id,meaning,perslemma
0,"(Persisch für Deutsche)",
0,"Anloitnnn tiir\* rlon T ocor",
0,"Hier wird nun, wie in einem richtigen persischen Buch von rechts nach",
0,"links gelesen, und nach „rückwärts“ geblättert. Doch vorher informiere",
0,"man sich in der",
0,"„Einleitung“ (am entgegengesetzten Ende des Buches) über die Anlage des",
0,"ganzen\!",
0,"Die kleingedruckten Hinweise „Gr.“ in den Lektionen beziehen sich auf",
0,"die „Systematische Grammatik“,",
0,"S. 12—23 des Buches. Die Lektionen 1—23 (ab Lektion 18 nur Lesestücke),",
0,"Lektion 41, 52,61,66 und Lesestück Seite 225—231 kann man auch von",
0,"Schallplatten abhören. Sie sind",
0,"zu einem Ladenpreis von 16,— DM erhältlich.",
1,"Von rechts n",
1,"wie ,s‘ in",
1,"wie ,j ‘",
1,"singen",
1,"Es wird i",
1,"(er) gab",
1,"Geheimnis",
1,"Galgen",
1,"Vertrauter",
1,"Lektion 1",
1,"ach links lesen und schreiben",
1,"im",
1,"in wie ,s‘ in Bühnen- im",
1,"frz. ,jour‘, singen4",
1,",r‘",
1,"Anlaut Inlaut",
1,"ner die letzte Silbe betont",
1,"Mehl",
1,"Darius",
1,"Darius gab Mehl",
1,"frei",
1,"Qual, Plage Gier",
2,"Lektion 2 Für kurze Vokale steht ein Zeichen über oder Konsonanten.",
2,"Steht dies Zeichen über dem |,so ausgesprochen, das f selbst aber nicht.",
2,"Tür",
2,"(er) schlug",
2,"Darius klopfte an die Tür",
2,"Geschrei",
2,"(sie) schlug",
2,"(sie) schrie Azar schrie",
2,"unter dem vorangehenden wird nur der kurze Vokal",
2,"Darius",
2,"(weibl. Eigenname)",
3,"(er) hat",
3,"(sie) hat",
3,"Lekti Federzug beim Schreiben:",
3,"wie ,s‘ in singen ‘",
3,"Am Anfang einer Silbe",
3,"Arznei In Ausnahmefällen w in ird das ni",
3,"diesem Buch",
3,"Darius",
3,"(Diphthong)",
3,"zusammen mit vorhergehendem",
3,"Zeitalter zwei\* prochen, dann steht",
3,"Eintritt",
3,"Kraft, Macht",
3,"Rauch",
3,"(sie) schlug",
3,"(sie) brachte",
3,"(er) gab",
3,"(er) hat",
3,"und entfernt,",
3,"weit",
3,"Fluß er, sie, es",
3,"brachte",
3,"Tür",
3,"Arznei",
3,"Arznei",
3,"Wille",
3,"und",
3,"(er) gab",
3,"(sie) gab",
3,"Verlangen",
3,"Kraft",
3,"Schmerz",
3,"Weg irius gab den Wog frei",
3,"Kraft Azar schob",
4,"Lektion 4",
4,"wie in ,Nacht\*",
4,"wie in ,deutsch4",
4,"Zeichen für Lautansatz",
4,"Lange Vokale :",
4,"wie in engl. ‘job’",
4,"wie vor ,a‘ in ,be-achten",
4,"Mensch",
4,"er, sie. es",
4,"Fasten",
4,"ich klopfte",
4,"ich gab",
4,"(er, sie, es) ließ durch",
4,"Seele",
4,"Mensch",
4,"Verlangen",
4,"er, sie, es",
4,"ich habe",
4,"Verlangen",
4,"und",
4,"schnell",
5,"wie in singen",
5,"Tal",
5,"Lektion 5",
5,"Perle",
5,"(gymn.) Übung",
5,"(er, sie. es) hat",
5,"(sie) brachte",
5,"Baue",
5,"Hirse",
5,"Unterricht",
5,"ich habe",
5,"du hast",
5,"hschmerzen)",
5,"Frau",
5,"Wert",
5,"jene",
5,"Mensch",
5,"Gemüsesuppe",
5,"Herz; Bauch",
6,"Verschiedene Buchstaben",
6,"wie in,singen,",
6,"Lektion 6",
6,"für gleiche Laute:",
6,"Ente",
6,"zehn",
6,"hat",
6,"er, sie, es",
6,"Anstand",
6,"Arznei",
6,"Frau",
6,"Mais",
6,"Ader",
6,"Schwanz",
6,"Tintenfaß",
6,"jene",
6,"Wasser",
6,"und",
6,"Hirse",
7,"Lektion 7 Die Zeichen für kurze Vokale werden im Persischen gewöhnlich",
7,"nicht mitgeschrieben. Um also ein Wort mit kurzen Vokalen richtig lesen",
7,"zu können, muß man es bereits kennen. Von dieser Lektion ab werden nun",
7,"alle dem Leser bereits bekannten Wörter",
7,"ohne die kurzen Vokale geschrieben.",
7,"du brachtest /",
7,"du hast",
7,"du schriest(AAduA gabstA ’",
7,"ich brachte",
8,"Lektion 8 In der Regel steht das Verb am Ende des Satzes. Fragesätze",
8,"können wie im Deutschen ohne Umstellung einfach durch Heben der Stimme",
8,"gebildet werden. Fragezeichen:",
9,"Darm",
9,"Sichel Hölle",
9,"ja, jawohl geben",
9,"bringen",
9,"schlagen",
9,"Die Zugehörigkeit zu ei dadurch ausgedrückt, \< ein e angehängt wird,",
9,"Genitiv: Possesiv: Adj ektiv: Adjektiv steht immer",
9,"Dieb, Einbrecher",
9,"Säge Rauch Gewicht",
9,"zwölf ’ lang",
9,"frei",
9,"Lektion 9 em Genitiv, Possesiv oder Adjektiv wird ß an das vorausgehende",
9,"zugehörige Hauptwort",
9,"Freiheit der Seele",
9,"seine Seele freie Seele. Das",
9,"nach dem Hauptwort, zu dem es gehört.",
10,"Kiefer",
10,"heiß lang",
10,"Freiheit",
10,"frei",
10,"Gesang; .Stimme",
10,"Lektion 10",
10,"Sitten Heirat",
10,"gelb ruhig",
10,"Erbe Erbschaft",
10,"billig Diebstahl",
11,"Nachgcstelltes Objekt bestimmt ist.",
11,"er, sie, es schlug",
11,"er, sie, es quälte er, sie, es plagte",
11,"Lektion 11 bezeichnet den Akkusativ, wenn das",
11,"ihn",
11,"von, aus ich habe herausgebracht unaufrichtig, heuchlerisch",
12,"Le Der Akkusativ bekommt kein",
12,"stimmt ist.",
12,"lehren, unterrichten",
12,"schlagen",
12,"drücken, schieben aufhängen",
12,"ktion 12 wenn das Objekt unbe",
12,"quälen",
12,"bringen",
12,"schreien herausbringen an die Tür klopfen",
13,"Zu Lektion 13—16 Die meisten Buchstaben haben neben der vollständigen",
13,"auch eine verkürzte Form deren Entstehen auf den folgenden Seiten",
13,"gezeigt wird.",
13,"Verkürzte und unverkürzte Buchstaben können zu einem „Ge­ bilde“",
13,"zusammengeschrieben werden, wofür die Lektionen 13—",
13,"16 eine Reihe von Möglichkeiten zeigen. Für das Schreiben in „Ge­",
13,"bilden“ gelten folgende Regeln: 1. Vollständige Buchstaben können nicht",
13,"miteinander verbun­ den werden, mit Ausnahme von",
13,"2\. Am Anfang und in der Mitte eines „Gebildes“ können alle",
13,"verkürzten Buchstaben und dazu noch",
13,"stehen. Am Ende eines „Gebildes“ kann jeder Buchstabe in vollständiger",
13,"Form stehen.",
13,"können",
13,"3\. Die Buchstaben",
13,"nicht gekürzt und nicht nach links gebunden werden. Ein „Gebilde“ muß",
13,"also mit ihnen seinen Abschluß finden.",
13,"Lektion 13",
13,"Vater Vermögen, Reichtum",
13,"morgen Beschäftigung,",
13,"Arbeit",
13,"Fieber Ohr",
13,"mit",
13,"Feder",
13,"wenig Blume",
13,"Falke",
14,"Lekti",
14,"on 14",
15,"ein; eins",
15,"Abend, Nacht dunkel",
15,"er, sie, es ist",
15,"er, sie, es erlitt Schaden",
15,"Hals; Nacken Teekanne",
15,"Kopf",
15,"Zweifel",
15,"Reihe; Linie",
15,"Gegensatz Schwan",
15,"Lippe",
15,"neun",
15,"ektion 15",
16,"Lampe",
16,"hell",
16,"Gebet",
16,"Wirkung Stolz, Hochmut schlecht, böse",
16,"Befinden, Zustand gut",
16,"Ort, Platz",
16,"was",
16,"Pille",
16,"Esel Gram, Kummer",
16,"ich Zauberer",
16,"er, sie, es zauberte",
16,"ektion 16",
16,"mit",
16,"wir er, sie, es war Gott",
16,"Schöpfer Hahn Nahrung, Speise",
16,"auch dieser, diese, dieses",
16,"Bügeleisen",
16,"Wetter kalt",
16,"Gefäß; Topf klein",
17,"Lektion 17 wird das",
17,"In der Buchstabengruppe",
17,"nicht mit",
17,"ausgesprochen. Die Aussprache ist also wie",
17,"Die Hamse",
17,"(vgl. auch Gr. 13 ) dient hier zur Tren",
17,"nung zweier nebeneinanderstehender Vokale (Hiatus):",
17,"Onkel (mütterlicherseits).",
17,"Haue",
17,"sie waren",
17,"Besitztum, Gut Ehemann, Gatte, Gemahl",
17,"Ehefrau; Frau Tante (mütterlicherseits)",
17,"dreißig",
17,"Jahr Onkel (mütterlicherseits)",
17,"jung Freund",
17,"Reichtum viel, übermäßig",
17,"Braut Bräutigam",
17,"sie haben geheiratet",
17,"die Verwandten Bruder",
17,"er, sie, es kam",
17,"Mutter er, sie, es ging Schwester",
17,"elektrische Lampe Elektrizität",
17,"er machte aus aus, erloschen",
17,"Vater und Mutter (Eltern)’",
17,"aus; von Bazar",
17,"sie kamen",
17,"Geschwister in",
18,"sechs",
18,"heute",
18,"Zahn- schmerz(-en) Zahn vorgestern",
18,"gestern",
18,"ektion 18",
18,"Zeit",
18,"hundert Jahrhundert Monat; Mond",
18,"jetzt",
18,"Uhr; Stunde",
18,"gut",
18,"oder nicht; nein",
18,"Abend; Nacht dunkel",
18,"1\. Infinitiv auf dem Infinitiv.",
18,"Kopfschmerzen)",
18,"er hatte morgen",
18,"übermorgen",
18,"viel; zuviel Wetter",
18,"Gr. 20 und 23",
18,"Bildung der Vergangenheit aus",
18,"2\. Bildung des Dativ.durch die Vorsilbe Bruder,",
18,"du kauftest",
18,"er, sie, es kaufte aufstehen",
18,"werden Speise",
18,"essen ihm",
18,"Brief",
18,"seiner (ihrer) Schwester",
18,"du reichtest die Hand",
18,"dem Bruder.",
18,"Grammatik",
18,"kommen",
18,"ich kam du kamst",
18,"er, sie, es kam",
18,"ich arbeitete du arbeitetest",
18,"er arbeitete",
18,"kaufen ich kaufte",
19,"Dame",
19,"religiös; fromm gottlos, irreligiös",
19,"ohne j eder, j ede, j edes",
19,"er, sie, es betet er, sie, es liest",
19,"rein, sauber",
19,"ektion 19",
19,"Richter",
19,"Gottanbeter Arzt",
19,"Selbstanbeter Selbst",
19,"Religion für Leben",
19,"notwendig; nötig",
19,"1\. Bildung der Gegenwart durch die Vo Vorsilbe wird betont, nicht die",
19,"letzte",
19,"rsilbe Silbe.",
19,". Diese",
19,"2\. Bildung des Plurals durch Interpunktion: Komma",
19,"3\. Die Aussprache der Buchs kal a) ist sehr verschie ungenaue",
19,"Aussprache die",
19,"ich gebe",
19,"du hörst zu ich erkälte mich",
19,"er grämt sich",
19,"dick mager, dünn",
19,"Brot",
19,"krank ich werde",
19,"Stoff",
19,"Anhängen von",
19,"Gr. 15",
19,"taben (alef) und (kurzer Vo den, die Verwechslungsmöglichkeit durch ser",
19,"beiden Buchstaben ist groß.",
19,"Zeit",
19,"Gegenwart lesen",
19,"jetzt ich lese du liest",
19,"Zeitung",
19,"Bleistift Abendessen du ißt",
20,"Wind billig",
20,"Dorn Star",
20,"tollwütig",
20,"toller Hund, tollwütiger Hund",
20,"Dattel Ausländer",
20,"Iraner, Perser Religion",
20,"Unterschied",
20,"taub",
20,"ektion 20",
20,"wohin ? wo ?",
20,"Sie gehen ich gehe",
20,"Wohnung; Haus",
20,"Onkel (väter licherseits)",
20,"noch krank Tante (väterlicherseits)",
20,"Tochter; Mädchen Sohn;Junge Ja",
20,"sie (PL)",
20,"nach jemandes Befinden fragen Erkundigung nach jemandes Befinden",
20,"guten Tag;",
20,"Friede Freund lieb, teuer",
20,"Freund gütig, lieb",
20,"Zustand, Befinden Sie wie ?",
20,"danke schön\! ist nicht",
20,"wieviel Fieber wer",
20,"zu; vor",
20,"Arzt; Dr. wann ?",
20,"Sie erkälteten sich",
20,"Kälte",
20,"existiert",
20,"wissend",
20,"ich bitte Bitte Antwort",
20,"geben Sie\! Kind",
20,"Sie haben Schule",
20,"sie gehen weit, entfernt",
20,"nahe",
20,"Gr. 22",
20,"Gr. 23",
21,"wir taten",
21,"Sie taten; ihr tatet sie taten",
21,"wach Sie standen auf",
21,"arbeitslos, ohne Arbeit",
21,"sein",
21,"wo ? dort",
21,"froh unruhig",
21,"ruhig",
21,"haben Auge Geld sie (PL) nehmen wir schlafen schnell",
21,"langsam Obst",
21,"Mittagessen",
21,"Tee Vergangenheit; vergangen",
21,"ektion 21",
21,"elf",
21,"morgens welche, welcher, welches",
21,"Sie werden wach sieben nach",
21,"Mittag",
21,"Abendessen",
21,"Uhr; Stunde Herr",
21,"wieviel ?\* wie spät ? halb neun, acht und halb acht",
21,"halb",
21,"Viertel zurück Sie schlafen; ihr schlaft",
21,"halb; Hälfte",
21,"heute abend gestern abend",
21,"vorgestern abend morgen abend",
21,"übermorgen abend",
21,"drei",
21,"vier",
21,"vor",
21,"schnell",
21,"langsam",
21,"Minute",
21,"bis, zu, vor fünf",
21,"vor",
21,"Mitternacht",
21,"Gr. 25",
22,"sehen ich werde sehen",
22,"nach Buch persisch",
22,"nächste Woche",
22,"Woche",
22,"arbeiten gehen",
22,"nach Teheran Teheran",
22,"sprechen, reden läuten, schellen schreiben Aufsatz",
22,"Alphabet anziehen Anzug Jacke",
22,"Hose Schuh Kleid",
22,"Zukunft",
22,"ektion 22",
22,"sehr warm",
22,"trocken Winter",
22,"Norden",
22,"kalt feucht",
22,"Frühling",
22,"schön",
22,"Iran",
22,"Hauptstadt zwanzig",
22,"Million Bevölkerung",
22,"in Sommer",
22,"Wetter, Luft",
22,"Süden",
22,"wie",
22,"Sonntag Europa Feiertag, Ferien",
22,"besser",
22,"Amerika",
22,"Afrika",
22,"weicher, welche, welches",
22,"Herbst",
22,"allmählich",
22,"gesund Freitag",
22,"größer",
22,"Deutschland",
22,"Berlin Jahreszeit",
22,"alle",
22,"Sie haben gern",
22,"Verneinung durch Vorsilbe",
22,"Diese Vorsilben werden",
22,"Land",
22,"am meisten",
22,"(mehr als alle) mehr als",
22,"vor",
22,"betont.",
22,"durch die Vorsilbe",
22,"aber du willst nicht",
22,"Verneinung, Negation",
22,"ich weiß nicht",
23,"Papier, Brief",
23,"Artikel, Aufsatz du kaufst ein hier ich bin",
23,"du bist er ist",
23,"fleißig",
23,"Lehrer faul",
23,"sagen",
23,"er schreibt nicht",
23,"dort wir waren nicht aber",
23,"Sie gingen nicht; ihr ginget nicht",
23,"krank",
23,"wissen wollen",
23,"haben ich hatte Recht was",
23,"Lektion 23",
23,"Material",
23,"Wolle manchmal",
23,"auch Seide",
23,"Muster verschieden Farbe die meisten Teppiche",
23,"echt, beständig",
23,"Teppich",
23,"persisch",
23,"Teppich Brücke bekannt Hand",
23,"sie fertigen an",
23,"haltbar",
23,"von Export-(artikel) wichtig",
23,"billiger nicht haltbar, undauerhaft",
23,"Das Verb lichkeiten : einmal als Hilfsverb von „da sein“, „vorhanden",
23,"sein6’ Personalendungen, mit Ausnahi selbständigen Verb hat das Präsens",
23,"eine eigene Form. Abweichung.",
23,"was ist Maschine teuer",
23,"„sein“ hat zwei Anwendungsmög und einmal als selbständiges Verb im Sinne",
23,"Beim Hilfsverb entspricht das Präsens den ne der 3. Person Singular Beim",
23,"Auch für die Negation besteht eine kleine",
23,"Sie sind; ihr seid sie sind krank sie sind ich bin nicht",
23,"du bist nicht er, sie, es ist nicht",
23,"wir sind nicht",
23,"Hie sind nicht; ihr seid nicht",
23,"sie sind nicht",
23,"ich bin Student Student du bist Arbeiter Arbeiter",
23,"groß",
23,"wir sind Ingenieure Ingenieur wir sind Sie sind Arzt (Dr.); ihr seid",
23,"Arzte",
24,"Le",
24,"Kartoffel",
24,"gegessen wird nicht Kuh, Rind Schaf, Hammel",
24,"ktion 24",
24,"Speise, Nahrung",
24,"Fleisch",
24,"Kein",
24,"Gemüse, Kräuter viel",
24,"gekochter Reis mit Kebab schmackhaft Wassermelone",
24,"Melone Trauben",
24,"Apfel",
24,"Milchreis",
24,"Schwein Sorte gekochter Reis mit Fleisch gericht gekochter Reis",
24,"Kaviar",
24,"es ist zu finden ,",
24,"sichtbar",
24,"voll schwach",
24,"1\. Befehlsform.",
24,"2\. Konjunktiv.",
24,"3\. Akkusativ",
24,"(Wiederholung; vgl.",
24,"womit ? stark",
24,"Gr. 29",
24,"Lektion 11—12).",
25,"ich gehe (Konj.) möglich",
25,"sie haben Neigung, sie haben Lust",
25,"Neigung",
25,"Möglichkeit",
25,"es werde wenn",
25,"Kind ein (gewisses)",
25,"Kind das (gewisse) Kleid",
25,"ich nähte",
25,"Verb",
25,"Befehl",
25,"gehen wir\!",
25,"iß\! Abendessen lesen Sie nicht; lest nicht\!",
25,"hoffnungslos",
25,"Hoffnung werden wir nicht\! Belästigung, Qual tue nicht\!",
25,"daß",
25,"ektion 25",
25,"weiß",
25,"rot auf Bild",
25,"Löwe welcher, welche, welches",
25,"Schwert, Säbel",
25,"im Rücken, hinter dem Rücken, hinter",
25,"über Neujahrstag",
25,"der, die, das Größte Fest, Festtag",
25,"Anfang, erst",
25,"es beginnt es dauert Flagge, Fahne",
25,"grün",
25,"Industrie Fabrik",
25,"er, sie, es führtein",
25,"wie Mundart",
25,"Reise",
25,"Sonne gesehen",
25,"Melodien",
25,"örtlich er, sie, es schickt (sendet) industriell",
25,"reisen",
25,"bequem, ruhig",
25,"Flugzeug",
25,"Weihnachten",
25,"welche Farbe Zug bequemer",
25,"Steigerung.",
25,"Gr. 17",
25,"2\. Perfekt.",
25,"Gr. 31",
25,"3\. Das Zeichen bische Endung.",
25,"besser",
25,"das Beste ich habe gelesen",
25,"du hast gegessen",
25,"beenden",
25,"wird",
25,"ausgesprochen. Es ist eine ara-",
25,"Gr. 24",
25,"schlechter",
25,"das Schlechteste das Schlechteste schöner das Schönste",
26,"er,",
26,"eie, es pflegte zu arbeiten",
26,"sie, es pflegte zu er, beten",
26,"Gebet manchmal",
26,"manche",
26,"Zeiten Zeit",
26,"sie, es pflegte zu schreiben",
26,"wir haben geschrieben Sie haben gekauft; ihr habt",
26,"gekauft",
26,"sie sind gegangen",
26,"überhaupt ich sah nicht",
26,"von Herzen",
26,"er, sie, es hat lieb",
26,"immer",
26,"Lektion 26",
26,"Ziel Lehre",
26,"Religionsstifter; Prophet Einheit",
26,"Welt menschlich",
26,"F riede allgemein",
26,"Leben Mensch ewig",
26,"Nähe",
26,"Religion ungefähr",
26,"tausend fünfhundert",
26,"vor Erhabenheit; Hoheit; Majestät Zarathustra",
26,"offenbar noch",
26,"Anhänger von Zarathustra",
26,"Bahä’u’lläh Bahä’i",
26,"er, sie, es begründete",
26,"er, sie, es glaubt Glaube Christus",
26,"Gr. 19 1. Possessivendun",
26,"Mohammedaner",
26,"Christ Jude",
26,"Buddha",
26,"gen (besitzanzeigende Endungen)\!",
26,"2\. Reflexivpronomen:",
26,"verbunden.",
26,"Ihr, euer Befinden",
26,"ihre (PI.) Tochter selbst",
26,"ich selbst",
26,"dies wird",
26,"meist mit der Possessivendung",
26,"Gr. 35",
26,"mein Bruder",
26,"dein Vater",
26,"sein, ihr Zahn",
26,"unser Freund",
27,"Lektion 27 Wie im Deutschen sind auch im Persischen die Druckbuch",
27,"staben verschieden von den Schreibbuchstaben. Die bisher er",
27,"lernten Schriftzeichen sind die der Druckschrift, auf den fol genden",
27,"Seiten wird in die Schreibschrift eingeführt. Die Schreibbuchstaben sind",
27,"gerundeter und abgeschliffener; sie neigen zu kurzen, schräg nach unten",
27,"gezogenen Endungen, wo die Druckbuchstaben horizontal nach links enden.",
27,"Schreib­ buchetaben Buchstaben",
27,"zwischen Druck",
27,"buchstaben",
27,"Buchstabe",
28,"Dienstag",
28,"Mittwoch Donnerstag",
28,"F reitag",
28,"ektion 28",
28,"Woche",
28,"Samstag Sonntag",
28,"Montag",
28,"sein, ihr Besitzer Besitzer Eile",
28,"Satan, Teufel",
28,"Sprichwörter",
28,"SprichwortAngst",
28,"Tod",
28,"Hund",
29,"Lektic",
29,"on 29",
29,"Frage\!",
29,"Prüfe\! Sage\!",
29,"Nachbar derjenige, welcher",
29,"Astronom Stern Name",
29,"ich glaube nicht, ich nehme nicht an",
29,"richtig, wahr",
29,"er wußte",
29,"was für eine Antwort",
29,"der neunte",
29,"der zweiundneunzigste der tausendste",
29,"Gr. 41",
29,"Zahlwörter",
29,"der erste der zweite",
29,"der dritte",
29,"der neunte",
29,"der zweiund- neunzigste",
29,"der tausendste",
29,"Zahlwörter",
29,"der erste dor zweite der dritte",
30,"Lektion 30",
30,"Straße man kann nicht schlafen",
30,"es geht nicht ich gehe (Konj.) ich würde gehen (Konj.)",
30,"Polizist Betrunkener, betrunken",
30,"He, hallo",
30,"Flasche",
30,"komm\!",
30,"Gefängnis",
30,"wen i",
30,"wer ist ? was ?",
30,"was ist ?",
30,"wie ? warum ?",
30,"wofür ?",
30,"wieviel ? wieviel (Stück) ? welcher, welche, welches ?",
30,"welcher,",
30,"welche welches ?",
30,"er, sie, es fragte",
30,"F ragefürwörter",
30,"wo ? (wo ist es ?) wo? wohin?",
30,"woher ? bis wohin ? wieweit ?",
30,"wann ?",
30,"wann ? wann ‘",
30,"seit wann \* bis wann ? wie lange ‘",
30,"wer ‘ wem",
31,"Lektic",
31,"on 31",
31,"Maß, Größe",
31,"Bürde, Last Esel richtig, wahr",
31,"falsch Diener; Sklave",
31,"Sultan Hofnarr, Clown Mantel Schulter",
31,"lege\! nimm\!",
31,"Frage",
31,"jene (Mehrzahl)",
31,"so",
31,"so",
31,"er, sie, es zieht an",
31,"Hinweisende Fürwörter",
31,"dieser, diese, dieses",
31,"jener, jene, jenes diese (Mehrzahl)",
32,"eben diese (Mehrzahl) eben jene (Mehrzahl)",
32,"eben dieser eben jener",
32,"ektion 32",
32,"Schlaf",
32,"er, sie, es sieht",
32,"welche Arbeit Feind Mensch, Menschengeschlecht",
32,"du betrügst",
32,"gleich, jetzt ich reiße aus wach auf\!",
32,"Bart",
32,"Mulla (mohamm. Geistlicher) man sagt, sie sagen er, sie, es hat",
32,"geschaffen bis j etzt",
32,"(irgend-)\] emand",
32,"er, sie, es hat nicht gesehen er, sie, es legt sich zum Schlafen hin er",
32,"schläft ein",
32,"wecken",
32,"alles nichts",
32,"kein einziger keiner, keine, keines etwas der, die, das andere ein",
32,"anderer",
32,"die anderen einander",
32,"einander einige jemand",
32,"wen",
32,"er, sie, es riß aus",
32,"Unbestimmte Fürwörter",
32,"jeder, jede, jedes wer auch immer",
32,"jeder, jede, jedes, wer auch jeder, der; wer auch immer ein jeder",
32,"was auch immer; alles, was jemand derjenige, welcher diejenigen, welche",
32,"niemand",
32,"nirgends alle",
33,"ich werfe weg",
33,"das heißt, es be­ deutet",
33,"Schwiegerm utter",
33,"ich gebe zurück",
33,"ektion 33",
33,"männl. Eigen",
33,"name jeden Tag du kaufst",
33,"ich behalte",
33,"ich verleihe",
33,"da, weil damit, auf daß sondern, vielmehr",
33,"auch oder danach",
33,"also, folglich, dann",
33,"wem",
33,"Bindewörter",
33,"und",
33,"wenn (Bedingung)",
33,"obgleich etwa",
33,"wenn nicht, sonst daß",
33,"weil, denn",
34,"sowohl... als auch entweder– oder weil obwohl",
34,"sobald aber aber außerdem weder noch",
34,"Lektion 34",
35,"vor damit",
35,"gesund",
35,"dann",
35,"Lei",
35,"bei",
35,"Arzt der Kranke",
35,"verbrannt",
35,"ktion 35",
35,"männl. Eigen­ name warum",
35,"wer ist ?",
35,"du lachst Lachen",
35,"Zeuge er, sie, es muß kennen ich muß, du mußt usw.... männl. Eigen­ name",
35,"wenn du nicht zurückgibst ich beschwere mich",
35,"er, sie, es kennt",
35,"vor (zeitl.)",
35,"von, aus für",
35,"nach (Richtung) nach (in der Richtung)",
35,"ohne mit",
35,"nahe bei zwischen, unter zwischen, unter",
35,"nach (zeitlich) nach (zeitlich)",
35,"er, sie, es hatte gegeben er, sie, es hatte genommen",
35,"V erhältniswörter",
35,"über",
35,"auf in in unter außerhalb",
35,"vor (räumlich) hinter",
35,"nahe bei, dicht bei neben",
35,"um, herum vor (zeitl.)",
36,"Lektion 3",
36,"unterhalb",
36,"Kerze gib\! ich will ver brennen",
36,"Gesicht alle beide",
36,"du hast ver",
36,"brannt schreib\! er sah",
36,"nur",
36,"Zeichen dumm lieber; Leben,",
36,"Seele du liest",
36,"was für ein Thema Thema",
36,"er hat ge schrieben lang",
36,"Fragen (PI.)",
36,"wofür? für was?",
37,"Lektio",
37,"on 37",
37,"er sperrt ein",
37,"Gefängnis nochmal erlauben Sie",
37,"sieh verab- schieden",
37,"Gedicht dichten",
37,"Minister",
37,"nach der Ansicht (Meinung) aufgeregt, nervös Monat",
38,"weinend deutsch",
38,"Sie wissen (kön­ nen) müde",
38,"Füllfederhalter kennen",
38,"lesen",
38,"ich will lesen lies\!",
38,"es wird gelesen tuend, machend lachend",
38,"ektion 38",
38,"Himmel Licht",
38,"sich wundern Mohammed",
38,"sieh\!",
38,"weder– noch steh auf\!",
38,"ein wenig, ein bißchen persische Süß- Speise Person",
38,"sehr gut, sehr wohl Moses Paradies",
38,"zufällig",
39,"Person er, sie, es hatte gegessen",
39,"er, sie,",
39,"ektion 39",
39,"wen es hatte gesehen",
39,"es ist nicht wichtig",
39,"Wichtigkeit",
39,"nächstes Mal",
39,"Mal",
39,"verfolge\!",
39,"dann viel; sehr",
39,"intelligent",
39,"du weintest das Weinen",
39,"schwarz",
39,"ich floh",
39,"er, sie, es verfolgte mich ich fürchtete mich",
39,"eigen; selbst",
39,"In der persischen Sprache",
39,"schreiben“ in der Form von",
39,"er, sie, es hatte getan",
39,"werden Sätze wie „ich möchte",
39,": „ich möchte, daß ich schreibe“",
40,"ausgedrückt. Aus diesem Grund im Deutschen.",
40,"er, sie, es würde",
40,"lesen sie brachten (man brachte) wurde gelesen",
40,"du kannst sie kommen",
40,"(Konj.)",
40,"e wird viel weniger der Infinitiv gebraucht als",
40,"du pflegtest zu",
40,"lesen",
40,"er, sie, es hat gelesen Zeitschrift er, sie, es hatte gelesen als, (in",
40,"der Zeit,",
40,"als)",
40,"ektion 40",
40,"schade",
40,"niemals",
40,"Juwel, Edelstein Stein Befehl",
40,"Königverehrer Anbeter der Materie Materie",
40,"weise, klug",
40,"Sklave",
40,"Diamant Preis drei Kilo",
40,"zerbrich Dichter schaden,Schaden verursachen",
40,"Gelehrter, Weiser",
40,"er, sie, es zeigte",
40,"wieviel",
41,"41",
41,"am anderen Tag ich töte (Konj.)",
41,"Vögel er, sie, es erreicht nicht ich nahm seine (ihre) Seele, ich tötete",
41,"ihn (sie, es)",
41,"Salomo",
41,"Jüngling du zitterst",
41,"Todesengel befiehl",
41,"Indien er, sie, es findet (Konj.)",
42,"gelesen worden",
42,"er, sie, es hat ge­ lesen gehabt er, sie, es hatte gelesen gehabt",
42,"gelesen",
42,"es ist gelesen worden es war gelesen worden es wurde (Dauerform: immer)",
42,"gelesen es wäre gelesen worden",
42,"Lektion 42",
42,"ich gehorche ich rupfe nicht mehr",
42,"Geschichte",
42,"denken Gewohnheit",
42,"du rupfst",
43,"Diener Dienstmädchen",
43,"klar",
43,"damit schreiben Garten",
43,"ektion 43",
43,"Stadt",
43,"keiner, keine. keines, niemand behandeln, heilen ein (gewisses)",
43,"Heilmittel, eine",
43,"Arznei",
43,"ich sterbe (Konj.)",
43,"Gott sei Dank Gift so schnell wie",
43,"möglich",
43,"töten",
43,"Aktiv und Passiv",
43,"hören",
44,"getötet fortgetragen, weggetragen",
44,"Kleid gebügelt Bügeleisen",
44,"er wird gelesen haben wenn Sie kommen an; ihr kommt an",
44,"(Konj.) es wird gelesen werden",
44,"eines Tages verhaftet, (fest-) genommen",
44,"Lektion 44",
44,"getötet",
44,"fortgetragen, weggetragen",
44,"Kleid gebügelt Bügeleisen",
44,"er wird gelesen haben wenn Sie kommen an; ihr kommt an",
44,"(Konj.) es wird gelesen werden",
44,"eines Tages verhaftet, (fest-) genommen",
44,"Lektion 44",
44,"Monatsnamen",
44,"21\. März bis 20. April",
44,"21\. April bis 21. Mai 22. Mai bis 21. Juni 22. Juni bis 22. Juli 23.",
44,"Juli bis 22. August 23. August bis 22. September 23. September bis 22.",
44,"Oktober 23. Oktober bis 21. November",
44,"22\. November bis 21. Dezember 22. Dezember bis 20. Januar 21. Januar",
44,"bis 19. Februar 20. Februar bis 20. März",
44,"borgen, entleihen",
45,"Lektic",
45,"on 45",
45,"Minute gedulden Sie sich, warten Sie\!",
45,"er läßt nicht (los) herauskommen, hinauskommen derselbe, welcher draußen",
45,"Moschee er hat gehalten (zurückgeh alten)",
45,"Bad, Badeanstalt Koffer nimm weg, nimm mit\!",
45,"tägliches Gebet",
45,"halb",
45,"Beispiel verkaufen",
45,"kochen",
45,"Verb",
45,"Infinitiv Stamm; Wurzel",
46,"Sonne, Sonnen",
46,"schein",
46,"ektion 46",
46,"er spricht (unter",
46,"hält sich)",
47,"er ruft frage\! ich frage du gehst",
47,"spazieren",
47,"spazieren gehen Vorschlag ich bin einverstanden er bewegt, schüttelt",
47,"Lektion 47",
47,"Mund obwohl",
47,"genug, genügend",
47,"Hand Fuß",
47,"wir hören (Konj.) sowohl– als",
47,"auch",
47,"weniger",
47,"er hörte",
47,"vielleicht",
48,"können pflücken",
48,"48",
48,"es scheint so, als ob Teil",
48,"töte nicht gib\!",
48,"du schenkst du bist nicht bereit klar",
48,"stehlen, rauben anfassen Leute",
48,"helfen Sie\!",
48,"Kind forttragen (mit- nehmen) Geschrei",
48,"Schrei",
49,"n 49",
49,"o weh\! ach\! ich brenne (ich habe Feuer be­ kommen)",
49,"Feuer ich brenne",
49,"in, Innere hol heraus’,",
49,"etwa",
49,"unreif, ungekocht gekocht, reif wenn, zu einer Zeit wo du wirst",
49,"verstehen ich bin im Begriff zu sterben",
49,"Erzählung, Fabel Erbse schön",
49,"Kochtopf ich gieße (ein) (Konj.) ich koche (Konj.)",
49,"setzen, stellen, legen warte\!",
49,"du sagst die Wahrheit im Begriff sein, etwas zu tun; haben er ist im",
49,"Begriffe– noch, wieder",
49,"weich, mild voll von Liebe, Zuneigung",
49,"du beißt weil ich empfinde",
49,"Liebe",
49,"Knochen",
49,"mein Körper Körper",
49,"ich war eingeschlafen",
49,"also, dann Herz",
50,"bleiben",
50,"bringen, holen",
50,"brechen",
50,"tun schreiben",
50,"ektion 50",
50,"der Fünfte Lasso, Wurfschlinge ich werfe",
50,"Henker",
50,"es genügt ich bewege (Konj.)",
50,"dann Chef, Leiter Schloß",
50,"Juwelen, Edelsteine",
50,"sie stahlen",
50,"sie nahmen (fest), man hat (fest-)- genommen",
50,"leise Dunkelheit",
50,"du bist an der Reihe",
50,"er lachte",
50,"Gasse",
50,"wie, gleich (ein)j eder",
50,"Kunst",
50,"der Erste Rede, Wort",
50,"Tier",
50,"der Zweite jeden, den",
50,"der Dritte Arm",
50,"Erde, Boden ich grabe (aus) (Konj.)",
50,"der Vierte",
50,"Nase Geruch",
50,"Sache, Ding",
51,"Lektio",
51,"ion 51",
51,"in der Richtung ... hin",
51,"Schwierigkeit er leben Schwierigkeit; Härte er kam an",
51,"hungrig",
51,"ausgeben",
51,"arm werden",
51,"geh\!",
51,"Ägypten Schatz",
51,"Adresse aufmerksam",
51,"Hilfe",
51,"Wahrheit die anderen",
51,"verlangen",
51,"er schämte sich",
51,"betteln Bettelei Polizist",
51,"Einwohner, Bürger Baghdad Mal",
52,"sehen",
52,"Lekti\<",
52,"bauen",
52,"(ein-)gießen",
52,"ion 52",
52,"Pferd Herr",
52,"sterben er verkaufte",
52,"Sklave",
52,"ein anderer geldgierig",
52,"Unglück",
52,"Besitztum, Gut schenke\!",
52,"sich entfernen",
52,"danach",
52,"Sprache; Zunge er hatte gelernt lehre\!",
52,"lernen",
52,"bestehen auf er befahl; sagte",
52,"befehlen, ge­",
52,"bieten, sagen schön, gut alles, was er warf",
52,"werfen Hahn",
52,"gräme dich nicht",
53,"hören brennen",
53,"Lei",
53,"waschen lassen, stellen",
53,"sterben",
53,"ktion 53",
54,"es mißfiel ihm Leben, Alter lang",
54,"es gefiel ihm",
54,"der, die, dasselbe Feindseligkeit erklären",
54,"Liebe, Zuneigung",
54,"Freundschaft",
54,"Deutung Traum König",
54,"träumen fallen F amilie",
54,"Freunde vor",
54,"das Sterben",
54,"ektion 54",
54,"Land schenken annehmen genehmigen der, die, das",
54,"zweite",
54,"Alexander der Große",
54,"Drachme niemals",
54,"unhöflich ungezogen",
55,"geben schließen, zumachen sich setzen, sitzen",
55,"forttragen werfen",
55,"schlagen",
55,"ektion 55",
55,"gefräßig",
55,"Ernst",
55,"Obstkern",
55,"zu Ende sein, alle sein",
55,"Scherz, Spaß",
56,"Befehl",
56,"Sperling Staub, Erde Fliege",
56,"Lektion 56",
56,"Elefant",
56,"hochmütig demütig, bescheiden",
56,"Schimpfworte gebrauchen befehlen",
56,"zeigen; tun verlieren (Spiel), verspielen lernen; lehren",
56,"gebieten; sagen; jemanden bitten",
56,"vorbeigehen spielen auf",
57,"seitdem",
57,"blind",
57,"ktion 57",
57,"gratulieren",
57,"Trost, Beileid",
58,"Lektior",
58,"\>n 58",
58,"der,die,das dritte",
58,"Sünde freigebig; Vergeber vergeben; schenken der, die, das vierte",
58,"bleiben sterblich",
58,"niemals",
58,"Verkürzung des Verbstammes",
58,"Derwisch",
58,"bekannt werden einige Beweis, Grund",
58,"Gegenwart stehen",
58,"immer wenn ufmerksam;",
58,"sorgsam",
58,"Gr. 22",
58,"in der Umgangssprache",
59,"on 59",
60,"Lektion 61",
60,"Macht",
60,"bravo\!",
60,"Vorhang",
60,"beiseite ziehen, zur Seite ziehen Wand; Mauer verleiten, be­ trügen aube",
60,"geschickt",
60,"Verkürzung der Person",
60,"Maler",
60,"welcheiner",
60,"Geschicklichkeit sich vereinbaren",
60,"malen, zeichnen",
60,"picken",
60,"alendungen in der Umgangssprache",
61,"Lektio",
61,"on 61",
61,"Hölle",
61,"Qual",
61,"beweisen",
61,"annehmen Ziegel",
61,"Tat",
61,"der Reiche, reich",
61,"existieren glauben",
61,"Irrtum",
61,"erschaffen werden",
61,"folglich, daher",
62,"außerdem",
62,"Staub, Erde",
62,"Recht haben gezwungen",
62,"ektion 62",
62,"gerecht",
62,"Kaufmann verrückt werden",
62,"Das Perfekt in",
62,"der",
62,"tyrannisch, Unterdrücker allein",
62,"hinausgehen gesessen",
62,"Umgangssprache",
62,"Gr. 31",
63,"Der Dativ in der Umgangssprache",
63,"Possessivendungen (besitzanzeigende Endun",
63,"Lektion 63",
63,"Gr. 18",
63,"gen)\! Gr. 19",
64,"fesseln, in Ketten legen",
64,"fangen (fest)- nehmen",
64,"Bild",
64,"ektion 64",
64,"Falke",
65,"mehrere braten",
65,"Erfahrung",
65,"vergessen",
65,"Le",
65,"untreu",
65,"treu Treue",
65,"rufen",
65,"mehrere Male",
65,"ktion 65",
65,"befreit werden",
65,"studieren Behandlung",
65,"Die Wörter, deren Ende Ausnahmen in der Umgangssp „Zunge“.",
65,"Fehler, Irrtum Malerei Medizin",
65,"ist, endigen mit wenigen rache auf , z. B.: „Iran Persien“,",
65,"Gebäude Kamm",
65,"Frühstück Befehl Blumenvase",
65,"verborgen",
65,"ängstigen zum Kochen bringen zum Lachen bringen",
65,"Irrer, Verrückter",
66,"Trinkgeld In der Umgangssprache hi tes Wort wiederholt wird, i des",
66,"Wortes bei der Wieder",
66,"z. B.: das Wort holt: Diese Art Wiederholung di die Unbestimmtheit, die",
66,"Ui",
66,"Heft",
66,"Feder",
66,"Handtuch",
66,"winzig",
66,"Salzstreuer •rt man manchmal, daß ein bestimm",
66,"und zwar so, daß der erste Buchstabe holung zu verwandelt wird, „Buch“",
66,"wird als \*ückt die Ungenauigkeit der Sache,",
66,"iwichtigkeit, u. a. m. aus.",
66,"Verkauf",
66,"Einkauf abgetragen Schmutz",
66,"Lektion 66",
66,"wieder",
66,"Nachricht, Bescheid Beute; Jagd",
66,"Lebensende, Tod",
66,"es kommt (Konj.)",
66,"in der Richtung Jäger",
66,"Weizen",
66,"es wächst Gerste",
66,"Huhn Gans",
66,"Heilmittel Taube Falke",
66,"Wissen, Wissen­ schaft Tat",
66,"F rucht hungern",
66,"Liebe, Verliebtheit",
66,"Blut Katze Zobel",
66,"zwei Mal Bewegung",
66,"Segen",
66,"Koch",
66,"versalzen Salz Größe Verstand, Geist",
66,"Brunnengräber",
66,"Grund, Boden Brunnen",
66,"Wort Recht; Wahrheit",
66,"bitter der Einäugige Lügner",
66,"Essig",
66,"bar, (sofort) besser",
66,"pers. Süßspeise auf Kredit",
66,"Bauch satt",
ls,"sechzehn",
ls,"Oberschule Klasse",
ls,"esestücke",
ls,"Eigenname (männl.)",
ls,"vorstellen Eigenname (weibl.)",
ls,"Frau Sohrab",
ls,"Vorname vierzig leben",
ls,"neunte",
ls,"Eigenname (männl.) Universität",
ls,"Literatur",
ls,"Appetit",
ls,"Butter",
ls,"Honig satt werden",
ls,"Kaffee Aufwiedersehen (Gott behüte)",
ls,"die anderen",
ls,"Zimmer",
ls,"sauber machen, putzen",
ls,"am frühen Morgen ; frühmorgens Frühstück ohne",
ls,"Zucker",
ls,"manche",
ls,"wie schmeckt es ? süß obwohl",
ls,"Ei",
ls,"Jogurt",
ls,"Eintreten Guten Tag\! Friede sei mit dir\! ich danke, danke",
ls,"Kebab, Braten",
ls,"besonders Küche",
ls,"helfen eintreten hoffentlich: wenn gefallt wirklich;",
ls,"Wahrheit gut, ausgezeichnet viel Samovar",
ls,"es",
ls,"Gott",
ls,"Mittagessen Szene",
ls,"Eßzimmer Tisch Stuhl",
ls,"Tischdecke",
ls,"Teller Löffel Gabel",
ls,"Messer Salzstreuer,",
ls,"Salzfäßchen",
ls,"Salz Pfeffer",
ls,"Zwiebel",
ls,"Verdauung, Verdauen sich hinlegen",
ls,"Praxis; Sprechzimmer des Arztes",
ls,"sich ausruhen",
ls,"waschen",
ls,"dann Teeglas Teelöffel",
ls,"Würfelzucker eingießen",
ls,"ziehen",
ls,"warten lassen",
ls,"beschäftigt es macht nichts Fehler Geschmack",
ls,"Einfluß;",
ls,"Wirkung Radio anmachen Musik hören",
ls,"zueinander",
ls,"gute Nacht",
ls,"um, herum gekochter Reis",
ls,"Fleischgericht genug Philosoph warten,",
ls,"erwarten erwartend",
ls,"verstehen gewöhnlich",
ls,"sich entschuldigen euch; Sie",
ls,"Strumpf neulich; neu Hemd",
ls,"Krawatte vergessen werden",
ls,"Stoff",
ls,"und so weiter Umstände machen Nutzen",
ls,"einkaufen gehen",
ls,"Neujahrstag",
ls,"am frühen Abend Wohnzimmer Sessel; Möbel",
ls,"Blumenvase, Blumentopf nach (zeitl.), noch",
ls,"Paar Schuh",
ls,"Schneider",
ls,"nähen",
ls,"Garnitur; Hand",
ls,"Versprechen; Wort sicher",
ls,"versprechen",
ls,"messen zweireihig",
ls,"einreihig",
ls,"nächste Woche Mittwoch",
ls,"Dienstag",
ls,"Arbeitszimmer; Werkstatt Herrenschneider Guten Tag\! Friede sei mit",
ls,"Ihnen (Euch)\!",
ls,"kommen Sie bitte herein\!",
ls,"Herr kommen",
ls,"sicherlich Sagen Sie bitte\!",
ls,"spät",
ls,"Mantel Modelle",
ls,"wählen erlauben Sie",
ls,"bitte\!",
ls,"Montag",
ls,"Damenschneider",
ls,"Kostüm",
ls,"Rock Meter",
ls,"dieses Jahr",
ls,"es ist nicht schlimm",
ls,"Backwaren; Gebäck",
ls,"Konditorei",
ls,"Kilo Törtchen, Torte Sorte, Art",
ls,"achtundzwanzig Rest willkommen sein",
ls,"frisch Verkäufer",
ls,"natürlich, sicherlich alt verkauft werden",
ls,"backen; kochen",
ls,"Ermäßigung",
ls,"natürlich, sicher",
ls,"Mandeln Bonbon",
ls,"sauer",
ls,"getrocknete Früchte das Geschäft, wo getrocknete F rüchte verkauft",
ls,"werden",
ls,"fünfzehn",
ls,"Kerne, Obstkerne",
ls,"Wassermelone",
ls,"Datum der zwölfte Monat des iranischen Sonnenjahres",
ls,"Sohn, Kind",
ls,"lieb, teuer",
ls,"Karte Gratulation",
ls,"schicken, senden kurz und bündig",
ls,"faul",
ls,"erstens Sprache zweitens vermuten, glauben noch; sonst",
ls,"Kultusministerium",
ls,"Ministerium Devisen",
ls,"Kosten; Ausgaben",
ls,"schwer; hart alles, was",
ls,"gut; Nutzen",
ls,"sich ereignen selbst hier",
ls,"Ausland erfolgreich sein, Erfolg haben in meinem Namen Hemd",
ls,"Zeit Spaziergang; Ausflug",
ls,"Ruhe; Erholung üblich, gewöhnlich",
ls,"irgend etwas brauchen",
ls,"hoffen",
ls,"gesund grüßen lassen gänzlich",
ls,"Zeit finden",
ls,"Zeile loben; schildern",
ls,"glücklich; gesund eine gewisse Menge Pistazie",
ls,"Haselnuß Schachtel; Kasten",
ls,"eine pers. Süßigkeit lernen, studieren bemühen, ermüden Hüter,",
ls,"Beschützer dein sich aufopfernder kommende; Zukunft",
ls,"ausführlich",
ls,"dein",
ls,"sich auf­ opfernder",
ls,"sagen, darlegen",
ls,"Befinden; Zustände",
ls,"wie gut es wäre Studium",
ls,"drei Stück",
ls,"Umschlag",
ls,"einige",
ls,"photographieren",
ls,"zu dritt",
ls,"den ganzen Tag Laken",
ls,"er kommt gerade",
ls,"ausbreiten Lehrling",
ls,"Spätnachmittag Hausputz halten",
ls,"übermorgen",
ls,"ordentlich; in Ordnung finden Wäsche",
ls,"fegen",
ls,"Praktikum Semester denken; vor haben",
ls,"Prüfung ablegen Physikum",
ls,"beginnen, an­",
ls,"fangen feiern",
ls,"eine Anzahl sich versammeln Feier",
ls,"Unterhaltung; Gespräch",
ls,"beraten Beratung",
ls,"Postbote öffnen; auf",
ls,"machen Gott",
ls,"so neu",
ls,"alle; Gesamtheit Angelegenheiten Gesundheit",
ls,"Glückseligkeit; Freude leben",
ls,"froh Ferien",
ls,"Krankenhaus",
ls,"Nachricht die Verwandten",
ls,"zeitig",
ls,"beiliegend das Innere",
ls,"drucken",
ls,"verkaufen",
ls,"Musik und Gesang",
ls,"Musikinstrument Tanz",
ls,"Gewohnheiten",
ls,"Gebräuche betreffend",
ls,"Bedeutung",
ls,"umsonst",
ls,"es selbst",
ls,"neu",
ls,"Kummer Programm",
ls,"Musik",
ls,"Hörspiel doch",
ls,"wir doch",
ls,"Neujahrsbesuch scherzen",
ls,"Großmutter Achtung, Ehrfurcht",
ls,"notwendig",
ls,"Besuchszimmer, Gastzimmer (zu)einander",
ls,"Kopf und Gesicht küssen gesegnet; glückbringend siegreich; geholfen",
ls,"Guten Morgen glücklich Geschick, Schicksal",
ls,"Freund; Gehilfe Neujahrs- geschenk",
ls,"Erinnerung sogar",
ls,"was macht es ? Brauch",
ls,"die Erwachsenen",
ls,"Familie alt, altertümlich",
ls,"willkommen sein gerade Märchen, Erzählung",
ls,"Großmutter",
ls,"Gast, Besuch Schwager, Mann der Schwester anbieten",
ls,"zueinander",
ls,"außer",
ls,"zu uns Besuch und Gegenbesuch",
ls,"essen, nehmen mögen",
ls,"wohl oder übel, gern oder ungern",
ls,"Gott sei Dank vollkommen Neffe; Nichte",
ls,"Leute, Menschen Zeitraum",
ls,"eine Zeit lang Gegenbesuch",
ls,"dauern",
ls,"Dank Klingel, Schelle Schwägerin, Frau des Brudern sechsjährig",
ls,"bekannt; Bekannter Besuch, Verkehr",
ls,"allmählich",
ls,"Frau den Onkels",
ls,"verhältnismäßig",
ls,"sonnig",
ls,"hell Mitte",
ls,"Rosenwasser",
ls,"duftend sich bedanken Reise",
ls,"Bevölkerung viele",
ls,"durcheinander Autobus",
ls,"dreizehn",
ls,""am Dreizehnten hinausgehen“ unheilvoll; Un­ glückbringend Vorort von",
ls,"Teheran",
ls,"Taxi",
ls,"Menschenmenge",
ls,"genügend",
ls,"Ball",
ls,"Spielkarten",
ls,"Tablett (VVoll)decke",
ls,"Klima",
ls,"Handtasche Ballspiel auf der anderen Seite zu mehreren",
ls,"spielen Volleyball",
ls,"aufstehen",
ls,"Mühe",
ls,"genügend T rinkglas",
ls,"Küchenkräuter",
ls,"die Mittel frei, leer",
ls,"erheben halten",
ls,"Chauffeur einsteigen",
ls,"in der Richtung; nach",
ls,"trotzdem sich hinlegen",
ls,"Wartezimmer",
ls,"Arztpraxis",
ls,"Schnupfen",
ls,"belegt sein",
ls,"rauchen",
ls,"Zigarette fünfzehn Stück",
ls,"Rezept",
ls,"Tablette",
ls,"Apotheke lutschen hinunterschlucken",
ls,"abgewöhnen Lunge",
ls,"schädlich Auf Wiedersehn",
ls,"so, daß",
ls,"sofort",
ls,"Krankenhaus anrufen",
ls,"Blinddarm",
ls,"operieren Spritze geben Spritze",
ls,"Stimme",
ls,"Untersuchungs­ zimmer",
ls,"aufgehen Güte, Wohlwollen",
ls,"Fieber",
ls,"gestern",
ls,"vorgestern",
ls,"Bauchschmerzen bekommen",
ls,"leicht vorläufig Krankheit schwach",
ls,"ausziehen untersuchen",
ls,"Thermometer",
ls,"Achselhöhle achten auf",
ls,"Sirup Suppe Auf Wiedersehen",
ls,"Atemnot, Asthma Atem",
ls,"Beengung, Not atmen",
ls,"erstickt, erwürgt werden",
ls,"Leber V erdauungsstörung",
ls,"Magengeschwür Magen",
ls,"rote Ruhr Durchfall",
ls,"es ging gut vorüber Nutzen",
ls,"zeitig",
ls,"Familienname",
ls,"Ergebnis",
ls,"Operation per Telephon",
ls,"benachrichtigen anordnen",
ls,"die Mittel Rheuma",
ls,"Rückenschmerz Unbehaglichkeit; Krankheit",
ls,"Mal",
ls,"Mineralwasser",
ls,"gänzlich sich entschuldigen belästigend, lästig",
ls,"Mittel; Ausweg",
ls,"empfangen",
ls,"Herr Darlegung Ergebenheit",
ls,"Lauf, Gang (Vorgang) ein Kurort in Persien",
ls,"I-Finrlpmic\*",
ls,"Schwierigkeit aufmerksam vorsichtig",
ls,"Überreichung",
ls,"grüßen lassen Ergebener",
ls,"Fortsetzung",
ls,"Eigenname (männl.) F amilienname",
ls,"Name des 5. Monats des irani sehen Sonnen j ahres",
ls,"stattfinden",
ls,"teilnehmen beehrt verbunden Freude",
ls,"Dankbarkeit",
ls,"Hochzeit; Hochzeitsfeier eingeladen werden Einladung",
ls,"Eigenname (weibl.) geehrt",
ls,"bittend Augenglanz, Augenlicht = Kind, Sohn oder Tochter",
ls,"Fräulein Familienname",
ls,"wissen",
ls,"ob (früh am) Abend",
ls,"Adresse Ein Vorort Teherans Nummer",
ls,"Blumenstrauß Hochzeits­ geschenk Geschenk",
ls,"Körper",
ls,"unter; Mitte",
ls,"Haar schwarz",
ls,"glücklich",
ls,"herzlich, innig zugleich du kommst an die Reihe",
ls,"andere; Rest Diener",
ls,"Scherbett (Speise-) Eis das Verzehren",
ls,"Saal, Salon Hühnchen,",
ls,"Küken",
ls,"Sommer gegenüber",
ls,"Gebäude",
ls,"Stockwerk reich gehörig würdevoll",
ls,"sechzig farbig",
ls,"Farbe",
ls,"geschmückt",
ls,"Platz, Stelle Zypresse",
ls,"Pappel Orchester",
ls,"Melodie spielen auf Sänger",
ls,"Volkslied",
ls,"Musikant",
ls,"persisches Musik- instrument auf dem ,Tar“ spielen",
ls,"Fortsetzung",
ls,"Sorte, Art Sorte Salat",
ls,"Sänger",
ls,"singen",
ls,"Beschreibung Lob oersischer Dichter Persischer Dichter Ursache",
ls,"Ehre; Ruhm",
ls,"Welt Jenseits gefälligst Eltern",
ls,"Briefmarke",
ls,"passend, günstig früher",
ls,"Unterrichtsfach, Lehrfach Interesse gezwungener-",
ls,"weise Student",
ls,"traurig; bedauernd",
ls,"Gelegenheit einzeln persönlich",
ls,"Post",
ls,"Briefkasten",
ls,"kleben Kasten",
ls,"auf dem Wege alles in allem ••",
ls,"Übergewicht",
ls,"extra berechnen",
ls,"bezahlen",
ls,"schließen",
ls,"Fahrkarte etwa",
ls,"unterwegs Tag und Nacht",
ls,"Esfahan (pers. Stadt)",
ls,"Büro",
ls,"Reisender bestimmt,",
ls,"festgesetzt",
ls,"packen",
ls,"Reisebedarf abliefern",
ls,"Reisebüro",
ls,"Doppelzimmer",
ls,"Zimmer für eine Person Zimmer für zwei Personen",
ls,"wählen; gefallen wechseln Handtuch",
ls,"Hotel, Gasthof Hotel",
ls,"passend, günstig Gepäckträger Bruder",
ls,"mit zwei Betten",
ls,"Bett",
ls,"rechts, rechte Hand Restaurant",
ls,"links, linke Hand Entfernung",
ls,"Schlüssel",
ls,"fließendes Wasser betrachten",
ls,"pro Nacht",
ls,"siebzehn bleiben",
ls,"gehen",
ls,"Personenwagen Sparsamkeit",
ls,"sparen schnell",
ls,"kommen kühl Bürger; aus",
ls,"aus Schiraz Mundart",
ls,"auf heben; beseitigen Durst Rechnung",
ls,"Rechnen Geschenk, Trinkgeld",
ls,"zufrieden",
ls,"oben mögen",
ls,"ein persisches Gericht mit kleinge hacktem Fleisch Brathühnchen",
ls,"leider Fleischgericht mit Aubergines",
ls,"(Eierfrucht)",
ls,"eine Art saure Milch",
ls,"Limonade höflich, vernünftig",
ls,"beginnen, anfangen",
ls,"bankrott gehen",
ls,"bankrott nach einiger Zeit",
ls,"Erkenntnis durch, mittels",
ls,"tun, verwirk liehen",
ls,"Lehren, Grundsätze Hauptziel",
ls,"Zeitalter die Botschafter Gottes, die",
ls,"Religions- Stifter",
ls,"verheißen",
ls,"religiös Vorurteil, Fana",
ls,"tismus",
ls,"einladen Religion geneigt sein, möchten alles Seiende Geschöpf",
ls,"Ziel",
ls,"Ferne, Entfer­ nung",
ls,"gemäß Bedingungen",
ls,"Ort",
ls,"Fortschritte machen",
ls,"Bedürfnis",
ls,"Vorschrift, Anordnung (selbständiges) Suchen nach der Wahrheit",
ls,"Nachahmung suchen",
ls,"Grundlage Religionen",
ls,"Wissenschaft, Wissen",
ls,"übereinstimmen Heimat rassisch",
ls,"politisch Gleichheit",
ls,"Rechte international",
ls,"Bildung, Unterweisung",
ls,"Pflicht",
ls,"Begründer der Verheißene",
ls,"Bücher",
ls,"errichtet werden, gegründet werden",
ls,"wie Gestalt, Körper Zelle",
ls,"Diener Mensch, Mensch",
ls,"heit Ordnung",
ls,"vollkommen enthüllt sein, offenbar werden",
ls,"Er­",
ls,"Offenbarung, scheinung auf der Welt",
ls,"ganzen",
ls,"verbreitet sein",
ls,"die einzelnen Menschen Erzieher Individuum, der Einzelne",
ls,"Gesellschaft, Ge­ meinschaft vorbereiten",
ls,"Weltschieds gerichtshof errichten, gründen",
ls,"Ursache, Grund glänzend",
ls,"Gewissheit",
ls,"Ausgleichung Lebensunterhalt äußerst Armut",
ls,"Reichtum Ursache",
ls,"Alphabetisches persisch—deutsches Vokabular",
ls,"Erlaubnis erlauben",
ls,"erlauben",
ls,"Ziegel Todesstunde, Ende getrocknete Früchte das Geschäft, wo",
ls,"getrocknete Früchte verkauft werden",
ls,"Achtung dumm Befinden",
ls,"Erkundigung nach jemandes Befinden",
ls,"Ende; endlich Jenseits",
ls,"letzte die Sitten",
ls,"Büro; Verwaltung Reisebüro",
ls,"Fortsetzung Höflichkeit Literatur Adresse",
ls,"Mensch; Adam",
ls,"Wasser",
ls,"achter Monat des iranischen Son nenjahres",
ls,"fließendes Wasser ewig Augenbraue",
ls,"Seide Mineralwasser Bonbon Klima",
ls,"Blinddarm",
ls,"Feuer brennen",
ls,"zufällig Autobus",
ls,"Zukunft Mobiliar",
ls,"Wirkung, Spur",
ls,"von; aus; als; mit frei befreit werden",
ls,"F reiheit",
ls,"quälen",
ls,"Heirat sich verheiraten",
ls,"plagen, quälen",
ls,"woher ? seit wann ? seitdem",
ls,"von allem",
ls,"Pferd Knochen",
ls,"Ruhe; Erholung",
ls,"ausruhen Teeglas",
ls,"der zwölfte Monat iranischen Sonnenjahres Alexander der Große Name",
ls,"Himmel Vorname Durchfall",
ls,"des",
ls,"der neunte Monat des iranischen Sonnenjahres",
ls,"Plage, Qual Ergebenheit",
ls,"Wille",
ls,"Herr Erben Mehl",
ls,"Ente der zweite Monat des iranischen Sonnenjahres",
ls,"Devisen",
ls,"billig Wert",
ls,"Verlangen Orchester",
ls,"Ellbogen",
ls,"Kiefer",
ls,"Europa",
ls,"Säge ja Gier",
ls,"benachrichtigen Bügeleisen",
ls,"bügeln",
ls,"Glieder Sonne sonnig fallen Ehre; Ruhm",
ls,"Afrika",
ls,"Verben (pl.) Herr die Verwandten",
ls,"wenn",
ls,"obwohl wenn nicht, sonst",
ls,"jetzt, sofort",
ls,"natürlich Gott sei Dank\! Alphabet",
ls,"Diamant Deutschland",
ls,"deutsch;",
ls,"Deutscher Pflaume",
ls,"aber",
ls,"rote Ruhr (Gemüse-)Suppe",
ls,"Koch Küche",
ls,"Irrtum",
ls,"sich irren Appetit",
ls,"Schmutz",
ls,"Schwierigkeit Bekannte",
ls,"Bestehen auf bestehen auf",
ls,"überhaupt",
ls,"Hinzufügung Übergewicht Gehorsam gehorchen",
ls,"Zimmer",
ls,"Wartezimmer Eßzimmer Arbeitszimmer",
ls,"U ntersuchungs71\* mmm\* Gastzimmer",
ls,"Wohnzimmer",
ls,"werfen / Größe; Maß",
ls,"messen Mensch menschlich",
ls,"Aufsatz wenn es Gott gefallt\! Trinkgeld; Geschenk",
ls,"Finger Weintraube",
ls,"dann sie (pl.); jene (pl.) er sie, es Stimme; Gesang",
ls,"singen V olkslied",
ls,"Sänger",
ls,"bringen, holen erst; Anfang; der, die, das, erste",
ls,"erstens der, die, das Erste",
ls,"die Bürger leise; langsam",
ls,"Spritze Spritze geben Prüfung eine Prüfung ablegen prüfen",
ls,"Dankbarkeit",
ls,"und so weiter kommen Verkehr;",
ls,"Umgang",
ls,"Befehl befehlen heute",
ls,"Amerika dieses Jahr heute abend; heute nacht",
ls,"Möglichkeit lernen; lehren",
ls,"Angelegenheiten",
ls,"Hoffnung",
ls,"hoffen jener, jene, jenes (aus-) wählen dort",
ls,"das, was; was immer",
ls,"trotzdem",
ls,"obwohl womit",
ls,"verlieren (Spiel), verspielen Wind",
ls,"Mandel Eiergurke, Aubergine haltbar",
ls,"dauerhaft,",
ls,"Last, Bürde",
ls,"belegt sein (Zunge) offen; Falke Bazar, Markt Gegenbesuch öffnen",
ls,"Arm",
ls,"wieder; noch",
ls,"spielen Ursache",
ls,"Garten oben; nach oben",
ls,"über genügend",
ls,"obwohl",
ls,"glauben",
ls,"wieder;",
ls,"Bürger",
ls,"Wichtigkeit Eisen",
ls,"Melodie; Ton Gazelle; Reh",
ls,"0\! ob Persien, Iran Perser",
ls,"stehen sie (pl.)",
ls,"Glaube",
ls,"dieser, diese, dieses hier",
ls,"Zukunft diese (pl.)",
ls,"oh \! ach\! o weh \!",
ls,"nach, zu mit",
ls,"Vater Eltern",
ls,"Feder; Flügel",
ls,"voll Apfelsine Flagge",
ls,"gefräßig",
ls,"zahlen Vorhang dunkelfarbig; stark Schwalbe",
ls,"fragen, Vogel Schmetterling vorgestern",
ls,"vorgestern abend Arzt",
ls,"also, folglich",
ls,"nach danach",
ls,"Post Postbote Pistazie",
ls,"zurückgeben",
ls,"zueinander unschuldig zwischen; unter",
ls,"untreu",
ls,"Fuß, Bein",
ls,"König",
ls,"Stoff Wache, Polizist",
ls,"aufstehen",
ls,"sauber, rein",
ls,"Briefumschlag Mantel",
ls,"fünfzehn fünfhundert",
ls,"Hauptstadt",
ls,"unten wollene Decke",
ls,"kochen; backen",
ls,"gekocht; gebacken; reif",
ls,"Blatt zurückkehren",
ls,"Berlin Programm",
ls,"Reis",
ls,"groß die Erwachsenen Grölte" Erwach- sener sein",
ls,"genug schließen, zumachen ein­",
ls,"packen (Bpeisc-)Eis",
ls,"sehr; viel sehr gut\!",
ls,"Mensch, Men­ schengeschlecht Teller",
ls,"nach« in der Richtung",
ls,"Flasche so, daß; so wie",
ls,"nach; dann nach nach",
ls,"manche",
ls,"miteinander intelligent Datum",
ls,"allmählich",
ls,"anstatt Kind",
ls,"Schickaal freigebig",
ls,"schenken;",
ls,"verzeihen besonders gut",
ls,"schlecht; böse mißfallen Körper",
ls,"Bruder",
ls,"für; wegen; um ... zu weil warum ?",
ls,"wegnehmen; nehmen",
ls,"fortt ragen« wegtragen Elektrizität ;Blitz",
ls,"Blatt zurückkehren",
ls,"Berlin Programm",
ls,"Reis",
ls,"groß die Erwachsenen Grölte" Erwach- sener sein",
ls,"genug schließen, zumachen ein­",
ls,"packen",
ls,"(Speise-)Eis",
ls,"sehr; viel sehr gut\!",
ls,"Mensch, Men­ schengeschlecht Teller",
ls,"nach« in der Richtung Flache so, daß; so wie",
ls,"nach; dann nach nach",
ls,"manche",
ls,"miteinander intelligent Datum",
ls,"allmählich",
ls,"anstatt Kind",
ls,"Schickaal freigebig",
ls,"schenken;",
ls,"verzeihen besonders gut",
ls,"schlecht; böse mißfallen Körper",
ls,"Bruder",
ls,"für; wegen; um „ zu weil warum ?",
ls,"wegnehmen; nehmen",
ls,"fortt ragen« wegtragen Elektrizität ;Blitz",
ls,"sichtbar; klar sich wiederfinden",
ls,"finden Hemd vor vor",
ls,"vorkommen",
ls,"Stirn Diener Vorschlag",
ls,"Prophet, Religionsstifter",
ls,"bis; damit; solange; Stück Sommer",
ls,"Wirkung",
ls,"Kaufmann bis jetzt pers. Musik­ instrument „Tär“ spielen",
ls,"Geschichte; Datum",
ls,"Sohn; Knabe übermorgen",
ls,"übermorgen abend wählen; gefallen",
ls,"Rücken; Rückseite; hinter",
ls,"Wolle",
ls,"Mücke Leopard gekochter Reis",
ls,"Polizist; Polizei fünf",
ls,"fünfzig",
ls,"Donnerstag der Fünfte",
ls,"verborgen Käse",
ls,"Haut; Schale jemanden anziehen anziehen",
ls,"Geld geldgierig",
ls,"Seite; neben ausbreiten Zwiebel",
ls,"Trost; Beileid kommen",
ls,"gehen bleiben; sein, sich bedanken",
ls,"Durst anbieten; Umstände machen",
ls,"Deutung staunen",
ls,"schildern; loben",
ls,"Ferien; Feiertag F erien Überreichung überreichen ungefähr",
ls,"bewegen; schütteln",
ls,"bitter per Telephon",
ls,"anrufen ganz, vollständig",
ls,"zu Ende sein beenden",
ls,"Briefmarke rein, sauber",
ls,"dunkel",
ls,"Dunkelheit neu; frisch; erst bis wohin ?",
ls,"Taxi bis wann ?",
ls,"Fieber",
ls,"Glückwunsch gratulieren",
ls,"Erfahrung Studium",
ls,"studieren Bett (-gestell) Ermäßigung, Rabatt",
ls,"(Hühner-) Ei",
ls,"Obstkerne von Melonen und Kürbissen Erziehung",
ls,"Angst",
ls,"erschrecken sich fürchten; befürchten sauer verlassen; abgewöhnen",
ls,"Zug",
ls,"bewiesen; fest",
ls,"beweisen zweitens Reichtum",
ls,"reich, wohlhabend Frucht",
ls,"Platz, Ort",
ls,"zaubern Zauberer fegen",
ls,"Seele; Leben",
ls,"ernst(-haft) modern; neu",
ls,"Kreislauf; Lauf Körper; Stoff Feier, Fest",
ls,"reinigen, sauber machen",
ls,"( Körper)",
ls,"faul schnell; scharf",
ls,"schnell gehen Enge; Not",
ls,"Asthma Ofen allein, einsam; nur",
ls,"du",
ls,"in; Innenseite können",
ls,"reich, wohlhabend Ball Ballspiel",
ls,"Toman: pers. Währung (= 10 Rial) in",
ls,"Grund, o ZX zl zw der vierte Monat des iranischen Sonnenjahres",
ls,"das Innere Hölle",
ls,"drucken",
ls,"Hilfsmittel; Ausweg fett, dick",
ls,"Messer Brunnen; Grube",
ls,"(Brunnen-) Grubengräber Tee",
ls,"warum ? doch",
ls,"Lampe elektrisches Licht",
ls,"kleben",
ls,"Auge wie ?",
ls,"wieviel ?",
ls,"gekochter Reis Koffer so",
ls,"feiern",
ls,"Schachtel;",
ls,"Kasten Eule",
ls,"Paar Henker",
ls,"Vorderseite; nach vorn; vom,",
ls,"vor",
ls,"Freitag Bevölkerung; Gedränge alle, ganz",
ls,"Herr bewegen; schütteln Art; Ware Süden",
ls,"Gerste",
ls,"Antwort antworten",
ls,"Jüngling; jung",
ls,"Edelstein Hühnchen,",
ls,"Kücken",
ls,"Brathühnchen Sorte; Weise",
ls,"Strumpf, Socke kochen lassen",
ls,"bereit sein; anwesend sein Häfez: iranischer Dichter Zustand, Befinden,",
ls,"Gegenwart",
ls,"jetzt, nun",
ls,"Pille Haft, Einsperrung",
ls,"einsperren (ganz-)bestimmt",
ls,"sogar Buchstabe; Wort",
ls,"sprechen Bewegung",
ls,"Rechnen; Konto berechnen",
ls,"fühlen, empfin— den Majestät, Erhabenheit",
ls,"Gegenwart Recht; Gott",
ls,"Wahrheit",
ls,"Erzählung",
ls,"wieviel? einige",
ls,"wieviel (Stück) ?",
ls,"zu mehreren mehrere",
ls,"Gabel; Kralle",
ls,"so da, weil; gleich, wie",
ls,"weil",
ls,"was ? vier",
ls,"vierzehn",
ls,"Mittwoch vierhundert",
ls,"der vierte der Vierte was für eine Antwort ? wen ? vierzig wann? welche",
ls,"Zeit ?",
ls,"wann?",
ls,"was",
ls,"pflücken",
ls,"Ding, Sache",
ls,"was ist?",
ls,"Dame; Frau; F räulein",
ls,"Großmutter F amilie",
ls,"Haus Hausputz halten",
ls,"Nachricht",
ls,"benachrichtigen Scham",
ls,"eich schämen Gott",
ls,"Gottanbeter Auf",
ls,"wiedersehen\!",
ls,"verabschie den Gott sei Dank\!",
ls,"Dienst; Anwesenheit Esel Zuckermelone",
ls,"Kosten, Ausgabe",
ls,"ausgeben",
ls,"dritter Monat des iranischen Sonnenjahres Bär",
ls,"Dattel Hahn",
ls,"sich",
ls,"Befehl",
ls,"befehlen türkischer Honig Gepäckträger",
ls,"Bad, Badeanstalt Handtuch wie schade\! schade\!",
ls,"Tier",
ls,"Dorn",
ls,"Ausland Ausländer",
ls,"Erde, Staub",
ls,"Schöpfer Tante (mütter­ licherseits) leer ungekocht,",
ls,"unreif aus; erloschen; still ausmachen; auslöschen Herr",
ls,"Bitte bitten",
ls,"wohl oder übel gut",
ls,"selbst Egoist (Selbstanbeter)",
ls,"Speise",
ls,"essen;",
ls,"trinken eßbar; Nahrung",
ls,"pers. Fleischgericht Sonne",
ls,"glücklich; angenehm gefallen; willkommen sein",
ls,"glücklich",
ls,"froh, glücklich",
ls,"schmackhaft",
ls,"Freude, Heiterkeit Schwein",
ls,"Blut Straße Gurke",
ls,"Schneider Gedanke; Einbildung gut; nein",
ls,"Einkauf einkaufen",
ls,"kaufen",
ls,"müde Ziegel trocken",
ls,"Linie; Strich; Schrift erstickt —, erwürgt sein erschaffen werden",
ls,"erschaffen zum Lachen bringen Lachen",
ls,"lachend",
ls,"lachen",
ls,"kühl Schlaf; Traum",
ls,"träumen einschlafen wollen, wünschen",
ls,"lesen; singen Leser; Sänger",
ls,"Schwester Sohn oder Tochter der Schwester",
ls,"Geschwister",
ls,"Universität",
ls,"Gelehrter; weise",
ls,"Onkel (Bruder",
ls,"der Mutter) Oberschule",
ls,"Tochter; Mädchen Tür; in; Deckel Perle",
ls,"lang sich hinlegen herausholen",
ls,"hinter Baum Pappel Zypresse Schmerz unterwegs anklopfen",
ls,"Unterricht; Lektion richtig, wahr herstellen, machen",
ls,"studieren,",
ls,"lernen",
ls,"unter",
ls,"richten",
ls,"zugleich Heilmittel",
ls,"lehren,",
ls,"viel, sehr viele (Menschen)",
ls,"eintreten Bruder schreien",
ls,"geben",
ls,"Geschrei Galgen",
ls,"Darius; reich aufhängen, kreuzigen Arznei",
ls,"Apotheke",
ls,"Sichel haben; im Begriff sein, etwas zu tun heiß Schwiegersohn;",
ls,"Bräutigam",
ls,"(Frauen-)Rock wissen, kennen Student",
ls,"Arzt; Dr. Herz; Bauch Bauchschmerzen Bauchschmerzen bekommen",
ls,"Beweis; Grund Gründe angeben dicht bei",
ls,"Schwanz",
ls,"Nase ziehen (Kaffee, Tee) verfolgen Zahn Zahnschmerzen,",
ls,"Welt zwei",
ls,"Arznei",
ls,"Tintenfaß Apotheke",
ls,"zwölf zweimal noch einmal nähen",
ls,"Rauch",
ls,"unentschlossen",
ls,"Lüge Lügner",
ls,"Derwisch Tal Drachme erhalten",
ls,"Dieb Diebstahl",
ls,"stehlen Hand; Garnitur",
ls,"begrüßen, die Hand reichen anfassen; klatschen anordnen Blumenstrauß",
ls,"Feind",
ls,"Feindschaft Gebet beten",
ls,"Einladung eingeladen sein",
ls,"Heft; Büro",
ls,"Mal",
ls,"nächstes Mal Minut",
ls,"zehnter Monat des iranischen Sonnenj ahres",
ls,"(AsehjA Besuch und Gegenbesuch spät",
ls,"gestern gestern abend",
ls,"Kochtopf sonst; der, die, das andere die anderen",
ls,"der andere Religion",
ls,"religiös Wand, Mauer wahnsinnig, toll verrückt werden",
ls,"Mais",
ls,"weit, entfernt Zeitalter; um, herum",
ls,"wegwerfen sich entfernen heuchlerisch, falsch sich versammeln Hölle",
ls,"\-F reund gern haben,Jieben",
ls,"Freundschaft Dusche Montag",
ls,"Mädchen, Jungfrau",
ls,"zweireihig eine Art saure Milch der zweite der Zweite",
ls,"zweihundert",
ls,"zehn Dorf",
ls,"Mund halbes Rial",
ls,"Mund",
ls,"beseitigen Freund",
ls,"Tanz",
ls,"Ader; Blutgefäß",
ls,"Rheuma Farbe farbig",
ls,"Gesicht; Oberfläche",
ls,"gegenüber",
ls,"Seele, Geist Fluß, Strom",
ls,"Darm",
ls,"Tag am folgenden Tage",
ls,"Zeitung",
ls,"F asten das tägliche Brot",
ls,"eines Tages hell, leuchtend",
ls,"anmachen, anzünden Tischdecke",
ls,"auf, an, über alles in allem Rial (pers. Währung, etwa 5 Pf.)",
ls,"über bequem; ruhig",
ls,"Radio anmachen",
ls,"Geheimnis",
ls,"Vertraute",
ls,"richtig, wahr die Wahrheit sagen Wahrheit; übrigens zufrieden",
ls,"Schenkel",
ls,"Weg durchlassen",
ls,"gehen",
ls,"Wäsche; Kleidung Restaurant Brauch; Regel",
ls,"Empfangsschein ankommen; reif werden gehen, fahren",
ls,"Besuch, Verkehr",
ls,"Schnupfen",
ls,"Zeit; Zeitalter",
ls,"Winter Erde; Boden",
ls,"Frau; Gattin",
ls,"Schwägerin (Frau des Bru ders)",
ls,"in Ketten legen, fesseln Gefängnis die Frau des Onkels (mütter",
ls,"licherseits)",
ls,"Leben leben",
ls,"Schelle; Glocke klingeln, läuten",
ls,"schnell; früh Kraft, Macht schieben, stoßen",
ls,"Gift viel; übermäßig; zu, sehr",
ls,"schön unter unten",
ls,"eingießen; vergießen klein, winzig Bart",
ls,"Wurzel Lunge",
ls,"Chef, Haupt; Vorsitzender",
ls,"Knie Zunge; Sprache",
ls,"Mühe bemühen",
ls,"Wunde;",
ls,"Geschwür Magengeschwür",
ls,"schlagen, klopfen gelb Aprikose Zarathustra Anhänger von Zarathustra",
ls,"eifrig, flink, fleißig",
ls,"häßlich",
ls,"Gemüse Küchenkräuter",
ls,"Stern Astronom",
ls,"schwer",
ls,"streng",
ls,"Schwierigkeit Kopf; Anfang beehrt",
ls,"rot",
ls,"rösten; braten kalt",
ls,"Kopfschmerzen am Wege, auf dem Wege früh am Abend",
ls,"Essig Kälte sich erkälten",
ls,"F reude Glück; Seligkeit",
ls,"glücklich",
ls,"Reise",
ls,"reisen weiß Hund",
ls,"hart; Journal, Modejour nal",
ls,"früher Gebäude bauen, herstellen",
ls,"einfach, schlicht; leicht Star eine Art Musik­ instrument",
ls,"Stunde; Uhr",
ls,"Jahr; Alter Salat",
ls,"gesund, heil Salon, Saal",
ls,"Rest",
ls,"die anderen grün",
ls,"zu dritt dreißig",
ls,"schwarz",
ls,"Apfel Kartoffel",
ls,"satt; Knoblauch satt sein dreizehn",
ls,"dreihundert",
ls,"Zigarette, Zigarre Zigaretten rauchen Tablett",
ls,"Dichter",
ls,"Lehrling; Schüler",
ls,"Abendessen sechzehn Kamm; Schulter König",
ls,"Königsverehrer",
ls,"Friede",
ls,"gesund Gesundheit grüßen lassen",
ls,"guten Tag’ Friede sei mit Dir\!",
ls,"guten Tag\! Friede sei mit Euch\! Salomo",
ls,"Samovar Zobel Stein zu Pferde stei gen; einsteigen Frage",
ls,"fragen",
ls,"brennen brennen;",
ls,"versengen Käfer",
ls,"der dritte der Dritte nach, in der Richtung Verdauungs­ störung drei",
ls,"Dienstag",
ls,"Zweifel sich beschweren Zucker",
ls,"Dank; Lob-",
ls,"sannncr brechen, zerbrechen Bauch, Magen",
ls,"Hose Lärm; Durcheinander ihr; Sie Schwert",
ls,"Kerze",
ls,"kennen; wiedererkennen Samstag",
ls,"hören; anhören Scherz. Spaß",
ls,"scherzen, spaßen versalzen",
ls,"Chauffeur Gemahl, Gatte",
ls,"Schwager (Mann der Schwester). Stadl sechster Monat des iranischen",
ls,"Sonnenjahres",
ls,"Löwe; Milch",
ls,"Zeuge",
ls,"vielleicht",
ls,"Nacht; Abend Tag und Nacht gute Nacht\!",
ls,"pro Nacht; eines Abends Kamel",
ls,"Person",
ls,"persönlich jemand werden",
ls,"Übel, Böses",
ls,"Wein",
ls,"Scherbett (eine Art Kühltrank) teilnehmen angefangen haben anfangen,",
ls,"beginnen waschen sechs sechsjährig",
ls,"sechshundert sechzig",
ls,"Gedicht dichten",
ls,"hundert Stimme; Lärm; Ruf",
ls,"rufen V erzehren verzehren;",
ls,"verbringen Sparsamkeit sparen",
ls,"Reihe; Linie Seite; Platte Null, null Friede herzlich innig",
ls,"Stuhl",
ls,"Kasten; Kiste",
ls,"Briefkasten Industrie; Kunst",
ls,"Gesicht Rechnung",
ls,"Jäger",
ls,"Jagd; Fischfang; Beute, Jagdtier",
ls,"aus Schiraz Milchreis süß; lieblich Gebäck, Backwaren",
ls,"Torte, Törtchen Satan, Teufel",
ls,"Seife",
ls,"Besitzer (Gesamt-) Ausfuhr",
ls,"ausführen Morgen Frühstück",
ls,"guten Morgen\! frühmorgens",
ls,"Geduld; Ausdauer warten; Geduld haben",
ls,"Gespräch sprechen, sich unterhalten Szene, Schauplatz",
ls,"grausam, tyranisch; Unter drücker offenbar, klar Gefäß; Topf",
ls,"Mittag",
ls,"Gewohnheiten",
ls,"Gewohnheit; Sitte gerecht der Liebende",
ls,"Liebe. Verliebt heit weise, klug",
ls,"Welt, Universum",
ls,"gelehrt, wissend einstweilen Eile",
ls,"Gegensatz; Widerspruch Verlust, Schaden schaden,",
ls,"Schaden verursachen Schaden erleiden. Verluste haben",
ls,"schwach, kraftlos",
ls,"Medizin, Heil-",
ls,"Vnnrlp Stock(-werk); Kategorie Arzt",
ls,"Seite, Richtung Kind Gold",
ls,"verlangen; suchen Länge; Dauer lang dauern",
ls,"interessiert sein",
ls,"Zeichen, Symbol außerdem",
ls,"Wissenschaft; Wissen",
ls,"extra; getrennt Leben; Alter Operation; Tat",
ls,"operieren Onkel (Bruder des Vaters) Gesamtheit, Allgemeinheit",
ls,"öffentlich, allgemein Tante (Schwester des Vaters)",
ls,"austauschen",
ls,"Fehler",
ls,"es macht nichts\! Fest, Festtag Neujahrsbesuch Neujahrsfest",
ls,"N euj ahrsgeschenk",
ls,"Linse",
ls,"Anzahl Qual, Folter Araber",
ls,"arabisch Breite;",
ls,"Darlegung sagen; darlegen Braut; Schwie gertochter Hochzeit; Hoch­",
ls,"zeitsfeier ; Heirat",
ls,"heiraten",
ls,"Todesengel lieb, teuer Honig",
ls,"Liebe nervös;",
ls,"aufgeregt",
ls,"Spätnachmittag hinter; Hintergrund verfolgen",
ls,"Verstand, Geist",
ls,"Bild; Gegenteil photographieren zeichnen, malen",
ls,"Interesse, Neigung",
ls,"Entfernung; Zwischenraum F amilie",
ls,"Nutzen, Gewinn Schimpfwort",
ls,"Schimpfworte gebrauchen Flucht fliehen",
ls,"vergessen werden",
ls,"vergessen",
ls,"morgen Kind, Sohn, Tochter schicken, senden T eppich",
ls,"Engel Gelegenheit; Zeit",
ls,"Unterschied Befehl befehlen;",
ls,"sagen verkaufen",
ls,"der erste Monat des iranischen Sonnenjahres",
ls,"Verkauf; Verkäu­ fer, Händler",
ls,"verkauft werden Wörterbuch; Kenntnis",
ls,"Gans",
ls,"Speise, Nahrung essen Sonnenuntergang; früh am Abend",
ls,"Stolz; Eitelkeit",
ls,"Kummer, Leid sich grämen Sklave; Diener",
ls,"Fehler; falsch Kummer, Gram",
ls,"sich grämen (hinunter-) schlucken außer, ausgenommen",
ls,"persisch; die persische Sprache",
ls,"Maultier Regel; Methode; Sitte",
ls,"Teppich",
ls,"kleiner Teppich, Brücke vor; vergangen vor (zeitl.) annehmen; zustimmen",
ls,"Macht; Fähigkeit",
ls,"alt; Altertum alt, altertümlich vereinbart",
ls,"sein (werden) sich vereinbaren Opfer Anleihe; Schuld verleihen,",
ls,", ausleihen borgen, entleihen",
ls,"borgen",
ls,"Jahrhundert; Zeitalter verbunden, vereinigt Teil; Anteil hübsch; nett",
ls,"Schloß, Palast",
ls,"Geschichte, Fa bei, Erzählung Herz",
ls,"Schrei; Hilferuf",
ls,"betrügen; täuschen Jahreszeit Zeitwort; Tat",
ls,"nur, allein arm, dürftig; ein Armer denken; nach­ denken Metall Pfeffer",
ls,"Haselnuß gleich, sofort",
ls,"Stahl verstehen, begreifen Elefant",
ls,"Philosoph",
ls,"Löffel",
ls,"Teelöffel",
ls,"Eßlöffel Richter",
ls,"gänzlich, völlig Braten Leber Taube",
ls,"Jacke Buch",
ls,"Kostüm Anzug schmutzig",
ls,"wo ?",
ls,"welcher, welche, welches ? taub",
ls,"Krawatte",
ls,"tun, machen eine halbe Million Butter Unwohlsein",
ls,"diejenigen, welche",
ls,"(irgend-)\] emand derjenige, welcher töten",
ls,"Land",
ls,"Schuh",
ls,"Klasse",
ls,"herzlich, vom Herzen Feder Füllfederhalter",
ls,"(Würfel-) Zucker Schwan T eekanne",
ls,"Wort, Versprechen",
ls,"versprechen Verwandte, V erwandtschaft stark, kräftig",
ls,"Kaffee Preis; Wert",
ls,"Arbeit; Beschäftigung Praktikum",
ls,"Karte arbeiten",
ls,"Arbeiter Papier; Brief",
ls,"genügend,",
ls,"wen ? wer ist (es) ?",
ls,"Geldbeutel; Handtasche, Aktenmappe",
ls,"Kilo",
ls,"beißen",
ls,"Ochse; Rind; Kuh manchmal",
ls,"Bettler Bettelei",
ls,"betteln setzen, legen, stellen; lassen zulassen",
ls,"vorbeigehen; vergehen",
ls,"vergangen; vorig",
ls,"Grammatik teuer Katze; Kater",
ls,"Spaziergang; Ausflug",
ls,"Rabe, Krähe Dienstmädchen",
ls,"Schlüssel Jude wenig, unzureichend",
ls,"weniger schwach; bleich",
ls,"Hilfe",
ls,"helfen",
ls,"allmählich",
ls,"Lasso, Fangseil, Wurfschlinge zur Seite ziehen tuend, machend langsam;",
ls,"stumpf rupfen; ausziehen; graben",
ls,"wo ist es ? kurz",
ls,"klein; jung Gasse blind wer ? daß; doch",
ls,"alt, abgetragen; altertümlich",
ls,"wann ?",
ls,"wer",
ls,"Nelke",
ls,"Narzisse",
ls,"Jasmin annehmen, vermuten",
ls,"Sünde: Verbrechen",
ls,"Sünder: sündhaft",
ls,"Schatz Sperling",
ls,"Weizen Tomate",
ls,"Schaf Ohr Fleisch",
ls,"zuhören: anhö ren; gehorchen zuhören anhö ren; gehorchen betrügen",
ls,"Juwel. Edelstein",
ls,"notwendig brauchen, nötig haben",
ls,"spazieren gehen spazieren gehen Hals; Nacken",
ls,"Hunger",
ls,"hungern hungrig nehmen; fangen, verhaften; bekommen warm",
ls,"Weinen weinen",
ls,"weinend sagen; sprechen",
ls,"Blume; Blüte Rosenwasser Birne",
ls,"Veilche n",
ls,"Teerose Blumen pflücken Blumenvase,",
ls,"Blumentopf (rote) Rose",
ls,"Hyazinthe Tulpe",
ls,"Gänseblümebe",
ls,"wie schön\! Gott schütze es vor neidischen Blicken\! Maschine; Auto",
ls,"Besitztum, Reichtum leichter Damenmantel bleiben",
ls,"Mond; Monat geschickt, erfahren Fisch",
ls,"gesegnet; heilig",
ls,"Möbel; Sessel bedauernd",
ls,"mit Bedauern Meter",
ls,"dankbar",
ls,"dankbar sein gehörig",
ls,"gehören",
ls,"Kiifnnrl bescheiden; demütig aufmerksam; achtsam",
ls,"ein Gewicht entsprechend etwa 5 Gramm gleich, ähnlich, wie",
ls,"Lippe; Rand Kleid, Kleidung",
ls,"beben, zittern Güte, W ohlwollen",
ls,"gefälligst, gütigst Wort, Vokabel Bohne",
ls,"Mundart",
ls,"Zitrone",
ls,"süße Limone Limonade T rinkglas",
ls,"wir Mutter Großmutter",
ls,"weiblich Stoff, Materie",
ls,"Anbeter der Materie Jogurt",
ls,"männlich; tapfer die Leute, die Menschen",
ls,"die Menschen",
ls,"sterben sterblich;",
ls,"sterbend",
ls,"Danke\!",
ls,"Krankheit Huhn; Vogel",
ls,"Tod krank Krankenhaus lästig, belästigend; aufdringlich",
ls,"Geschmack",
ls,"geschmückt Kupfer",
ls,"Reisender",
ls,"betrunken, berauscht Moschee",
ls,"Hofnarr, Clown; Spott",
ls,"verspotten Mohammedaner Christus",
ls,"Christ",
ls,"Beispiel; Sprichwort zum Beispiel es scheint so als ob",
ls,"gezwungen gezwungenerweise",
ls,"zwingen Zeitschrift",
ls,"Liebe; Zuneigung",
ls,"geehrt; geschätzt",
ls,"Student",
ls,"Umgebung, Umkreis kurz und bündig",
ls,"verschieden",
ls,"Zeit; Zeitraum Modelle mich; mir",
ls,"Marmelade",
ls,"betreffend, angehend ordentlich; geordnet Stufe; Mal",
ls,"Wohlwollen, Güte",
ls,"Mann; tapfer Name des 5. Mo­ nats des irani­ schen Sonnen­ jahres",
ls,"gewöhnlich",
ls,"Bedeutung, Sinn festgesetzt, bestimmt",
ls,"hochmütig Gehirn; Kem",
ls,"ausführlich",
ls,"Artikel, Aufsatz eine gewisse Menge",
ls,"saugen; aufsaugen etwa, ob; qiKOpnnmmpn",
ls,"Fliege",
ls,"mohamm. Geistlicher betrachten, überlegen Laken Heuschrecke möglich",
ls,"Land; Stadt ich; pers. Gewichtseinheit, entspricht 3 Kilo geeignet,",
ls,"günstig",
ls,"erwartend warten; erwarten",
ls,"wa?ten lassen Wohnung; Haus",
ls,"beschäftigt",
ls,"schwarz Beratung",
ls,"beraten",
ls,"Ägypten schädlich, nachteilig",
ls,"Arztpraxis Musikant",
ls,"sicher, überzeugt sicher sein ärztlichp Behandlung ärztlich behan dein",
ls,"untersuchen",
ls,"glauben Magen",
ls,"sich entschuld\! gen",
ls,"Vorstellung vorstellen berühmt,",
ls,"bekannt duftend. wohlriechend vernünftig; höflich Lehrer klar, deutlich",
ls,"üblich",
ls,"unter, zwischen Tisch",
ls,"Neigung, Tendenz m wollen, wünschen, nehmen, essen",
ls,"Million Obst; Frucht",
ls,"hoffnungslos",
ls,"Fingernagel unbequem",
ls,"Mandarine Brief",
ls,"Brot Mittagessen Ergebnis unheilvoll; ungünstig",
ls,"Faden, Schnur",
ls,"Erbse",
ls,"weich; fein; zart",
ls,"stattfinden",
ls,"Haar",
ls,"vorsichtig, sorgsam aufpassen achten auf zustimmen, einverstanden sein",
ls,"Ameise",
ls,"Banane",
ls,"Moses Musik",
ls,"Thema, Stoff erfolgreich sein würdevoll;",
ls,"ernst Gelegenheit; Zeit unterstützt, geholfen",
ls,"Geschicklichkeit",
ls,"Name des 7. Mo­ nats des iranischen Sonnen- jahres freundlich; lieb",
ls,"wichtig",
ls,"Gast, Besuch",
ls,"Gasthof, Hotel Ingenieur Mitte; Zentrum",
ls,"Hörspiel",
ls,"Nummer",
ls,"Salz Salzfäßchen, Salzstreuer zeigen; scheinen; tun neu",
ls,"Melodie, Lied spielen auf Reihe; Mal neunzig",
ls,"Licht; Glanz Augenglanz, Kind, Sohn oder",
ls,"Tochter der Neujahrstag",
ls,"neunzehn",
ls,"schreiben Art, Gattung",
ls,"Spitze, Gipfel; Schnabel Diener picken, hacken",
ls,"neun",
ls,"nein",
ls,"Mittagessen; Tag neunhundert",
ls,"nahe, bei der Hand",
ls,"Nähe verhältnismäßig",
ls,"Abschrift; Re zept",
ls,"auf Kredit zeigen",
ls,"Adresse",
ls,"sitzen, sich setzen Hälfte",
ls,"Mitternacht",
ls,"Ansicht; Blick Person",
ls,"Atem; Atmen atmen, einatmen Verneinung",
ls,"Maler; Porträtmaler",
ls,"Malen; Malerei: Zeichnen",
ls,"bar, bares Geld, Kasse Silber besorgt, ängstlich halten: behalteni",
ls,"hindern tägliches Pflichtgebet beten, das tägliche Pflichtgebet",
ls,"verrichten",
ls,"die Spielkarten",
ls,"blättern Eintritt;",
ls,"Ankunft",
ls,"Ministerium",
ls,"Gewicht Minister die Mittel",
ls,"Mitte; Zentrum Zeit Zeit haben, Zeit finden als; zu einer Zeit, wo wenn",
ls,"nicht, sonst",
ls,"aber",
ls,"tollwütig T ollwut",
ls,"Hotel",
ls,"Geschenk; Widmung Hochzeits geschenk jeder, jede, jedes",
ls,"der neunte weder... noch",
ls,"halb; Hälfte",
ls,"und notwendig, unerläßlich",
ls,"Erbe ankommen; eintreten einführen",
ls,"klar, offenbar die Eltern Volleyball sein, existieren Einheit",
ls,"gymnastische Übung; Turn­ kunst",
ls,"bankrott bankrott gehen Blatt; Spielkarte",
ls,"Kartenspiel",
ls,"auch: ebenso: selbst eben jener",
ls,"eben jene (pl.)",
ls,"einander",
ls,"Nachbar alle, alles; ganz",
ls,"überall",
ls,"sowohl... als immer",
ls,"eben dieser eben hier eben so",
ls,"gerade als; sobald",
ls,"Wassermelone",
ls,"Indien Kunst; Talent noch Luft;",
ls,"Atmosphäre Flugzeug",
ls,"achtzehn nirgends nichts keiner, keine, keines niemand",
ls,"was auch immer. alles was so schnell wie möglich, so bald wie möglich",
ls,"beide (ein) jeder jeder; wer auch",
ls,"jeder, welcher wer auch immer",
ls,"nie, niemals wann auch immer; j ederzeit (ein) jeder",
ls,"tausend",
ls,"Obstkern acht",
ls,"achtzig achthundert",
ls,"Verdauung, Verdauen sieben",
ls,"siebzig",
ls,"siebenhundert Woche",
ls,"nächste Woche siebzehn",
ls,"Pfirsich",
ls,"allmählich",
ls,"niemals keiner, keine, keines",
ls,"oder",
ls,"Erinnerung; Gedächtnis lehren, beibrin­ gen lernen",
ls,"Freund",
ls,"elf entweder ... oder",
ls,"das heißt, das bedeutet",
ls,"ein, eins einzeln",
ls,"der Einäugige einande Sonntag einreihig; einseitig für eine Person",
ls,"jemand",
ls,"leise, langsam",