	## revelaciita en Mekko			1
	## revelaciita en Medino			2
	## revelaciita en Medino			4
	## revelaciita en Medino			5
	## revelaciita en Mekko			13
	## revelaciita en Mekko			14
	## revelaciita en Mekko			16
	## revelaciita en Mekko			18
	## revelaciita en Mekko			19
	## revelaciita en Mekko			20
	## revelaciita en Mekko			21
	## revelaciita en Medino			22
	## revelaciita en Mekko			27
	## revelaciita en Mekko			28
	## revelaciita en Mekko			29
	## revelaciita en Mekko			31
	## revelaciita en Mekko			32
	## revelaciita en Medino			33
	## revelaciita en Mekko			34
	## revelaciita en Mekko			35
	## revelaciita en Mekko			42
	## revelaciita en Mekko			45
	## revelaciita en Mekko			53
	## revelaciita en Mekko			55
	## revelaciita en Mekko			56
	## revelaciita en Medino			61
	## revelaciita en Medino			62
	## revelaciita en Mekko			68
	## revelaciita en Mekko			78
	## revelaciita en Mekko			80
	## revelaciita en Mekko			81
	## revelaciita en Mekko			85
	## revelaciita en Mekko			95
	## revelaciita en Mekko			96
	## revelaciita en Mekko			100
	## revelaciita en Mekko			101
	## revelaciita en Mekko			103
	## revelaciita en Mekko			104
	## revelaciita en Mekko			106
	## revelaciita en Mekko			108
	## revelaciita en Mekko			109
	## revelaciita en Mekko			110
	## revelaciita en Mekko			111
	## revelaciita en Mekko			112
	## revelaciita en Mekko			114
